Security Code,Security Name,Company Name,Ex Date,Purpose,Record Date,BC Start Date, BC End Date	,ND Start Date,ND End Date,Actual Payment Date,Company
532540,TCS,Tata Consultancy Services Ltd,27 Jul 2007,Interim Dividend - Rs. - 3.0000,30 Jul 2007,-,-,23 Jul 2007,27 Jul 2007,-,TCS
532540,TCS,Tata Consultancy Services Ltd,22 Oct 2007,Interim Dividend - Rs. - 3.0000,23 Oct 2007,-,-,16 Oct 2007,22 Oct 2007,-,TCS
532540,TCS,Tata Consultancy Services Ltd,23 Jan 2008,Interim Dividend - Rs. - 3.0000,24 Jan 2008,-,-,17 Jan 2008,23 Jan 2008,-,TCS
532540,TCS,Tata Consultancy Services Ltd,31 Jul 2008,Interim Dividend - Rs. - 3.0000,01 Aug 2008,-,-,25 Jul 2008,31 Jul 2008,-,TCS
532540,TCS,Tata Consultancy Services Ltd,29 Oct 2008,Interim Dividend - Rs. - 3.0000,31 Oct 2008,-,-,23 Oct 2008,29 Oct 2008,-,TCS
532540,TCS,Tata Consultancy Services Ltd,28 Jan 2009,Interim Dividend - Rs. - 3.0000,29 Jan 2009,-,-,21 Jan 2009,28 Jan 2009,-,TCS
532540,TCS,Tata Consultancy Services Ltd,16 Jun 2009,Final Dividend - Rs. - 5.0000,17 Jun 2009,-,-,10 Jun 2009,16 Jun 2009,-,TCS
532540,TCS,Tata Consultancy Services Ltd,28 Oct 2009,Interim Dividend - Rs. - 2.0000,29 Oct 2009,-,-,22 Oct 2009,28 Oct 2009,-,TCS
532540,TCS,Tata Consultancy Services Ltd,27 Jan 2010,Interim Dividend - Rs. - 2.0000,28 Jan 2010,-,-,20 Jan 2010,27 Jan 2010,-,TCS
532540,TCS,Tata Consultancy Services Ltd,29 Jul 2010,Interim Dividend - Rs. - 2.0000,30 Jul 2010,-,-,23 Jul 2010,29 Jul 2010,-,TCS
532540,TCS,Tata Consultancy Services Ltd,01 Nov 2010,Interim Dividend - Rs. - 2.0000,02 Nov 2010,-,-,26 Oct 2010,01 Nov 2010,-,TCS
532540,TCS,Tata Consultancy Services Ltd,27 Jan 2011,Interim Dividend - Rs. - 2.0000,28 Jan 2011,-,-,20 Jan 2011,27 Jan 2011,-,TCS
532540,TCS,Tata Consultancy Services Ltd,28 Jul 2011,Interim Dividend - Rs. - 3.0000,29 Jul 2011,-,-,22 Jul 2011,28 Jul 2011,-,TCS
532540,TCS,Tata Consultancy Services Ltd,25 Oct 2011,Interim Dividend - Rs. - 3.0000,29 Oct 2011,-,-,20 Oct 2011,26 Oct 2011,-,TCS
532540,TCS,Tata Consultancy Services Ltd,25 Jan 2012,Interim Dividend - Rs. - 3.0000,28 Jan 2012,-,-,20 Jan 2012,25 Jan 2012,-,TCS
532540,TCS,Tata Consultancy Services Ltd,23 Jul 2012,Interim Dividend - Rs. - 3.0000,24 Jul 2012,-,-,17 Jul 2012,23 Jul 2012,-,TCS
532540,TCS,Tata Consultancy Services Ltd,31 Oct 2012,Interim Dividend - Rs. - 3.0000,01 Nov 2012,-,-,23 Oct 2012,31 Oct 2012,-,TCS
532540,TCS,Tata Consultancy Services Ltd,23 Jan 2013,Interim Dividend - Rs. - 3.0000,24 Jan 2013,-,-,17 Jan 2013,22 Jan 2013,-,TCS
532540,TCS,Tata Consultancy Services Ltd,29 Jul 2013,Interim Dividend - Rs. - 4.0000,30 Jul 2013,-,-,23 Jul 2013,29 Jul 2013,13 Aug 2013,TCS
532540,TCS,Tata Consultancy Services Ltd,25 Oct 2013,Interim Dividend - Rs. - 4.0000,28 Oct 2013,-,-,21 Oct 2013,25 Oct 2013,08 Nov 2013,TCS
532540,TCS,Tata Consultancy Services Ltd,27 Jan 2014,Interim Dividend - Rs. - 4.0000,28 Jan 2014,-,-,21 Jan 2014,27 Jan 2014,10 Feb 2014,TCS
532540,TCS,Tata Consultancy Services Ltd,28 Jul 2014,Special Dividend - Rs. - 40.0000,30 Jul 2014,-,-,22 Jul 2014,28 Jul 2014,08 Aug 2014,TCS
532540,TCS,Tata Consultancy Services Ltd,28 Jul 2014,Interim Dividend - Rs. - 5.0000,30 Jul 2014,-,-,22 Jul 2014,28 Jul 2014,08 Aug 2014,TCS
532540,TCS,Tata Consultancy Services Ltd,29 Oct 2014,Interim Dividend - Rs. - 5.0000,30 Oct 2014,-,-,21 Oct 2014,29 Oct 2014,11 Nov 2014,TCS
532540,TCS,Tata Consultancy Services Ltd,27 Jan 2015,Interim Dividend - Rs. - 5.0000,28 Jan 2015,-,-,20 Jan 2015,27 Jan 2015,09 Feb 2015,TCS
532540,TCS,Tata Consultancy Services Ltd,20 Jul 2015,Interim Dividend - Rs. - 5.5000,21 Jul 2015,-,-,14 Jul 2015,20 Jul 2015,-,TCS
532540,TCS,Tata Consultancy Services Ltd,23 Oct 2015,Interim Dividend - Rs. - 5.5000,26 Oct 2015,-,-,16 Oct 2015,23 Oct 2015,-,TCS
532540,TCS,Tata Consultancy Services Ltd,21 Jan 2016,Interim Dividend - Rs. - 5.5000,22 Jan 2016,-,-,15 Jan 2016,21 Jan 2016,-,TCS
532540,TCS,Tata Consultancy Services Ltd,25 Jul 2016,Interim Dividend - Rs. - 6.5000,26 Jul 2016,-,-,19 Jul 2016,25 Jul 2016,-,TCS
532540,TCS,Tata Consultancy Services Ltd,24 Oct 2016,Interim Dividend - Rs. - 6.5000,25 Oct 2016,-,-,18 Oct 2016,24 Oct 2016,-,TCS
532540,TCS,Tata Consultancy Services Ltd,23 Jan 2017,Interim Dividend - Rs. - 6.5000,24 Jan 2017,-,-,17 Jan 2017,23 Jan 2017,-,TCS
532540,TCS,Tata Consultancy Services Ltd,24 Jul 2017,Interim Dividend - Rs. - 7.0000,25 Jul 2017,-,-,18 Jul 2017,24 Jul 2017,-,TCS
532540,TCS,Tata Consultancy Services Ltd,25 Oct 2017,Interim Dividend - Rs. - 7.0000,26 Oct 2017,-,-,17 Oct 2017,25 Oct 2017,-,TCS
532540,TCS,Tata Consultancy Services Ltd,22 Jan 2018,Interim Dividend - Rs. - 7.0000,23 Jan 2018,-,-,16 Jan 2018,22 Jan 2018,-,TCS
532540,TCS,Tata Consultancy Services Ltd,31 May 2018,Final Dividend - Rs. - 29.0000,02 Jun 2018,-,-,28 May 2018,31 May 2018,-,TCS
532540,TCS,Tata Consultancy Services Ltd,17 Jul 2018,Interim Dividend - Rs. - 4.0000,18 Jul 2018,-,-,11 Jul 2018,17 Jul 2018,-,TCS
532540,TCS,Tata Consultancy Services Ltd,23 Oct 2018,Interim Dividend - Rs. - 4.0000,24 Oct 2018,-,-,16 Oct 2018,23 Oct 2018,-,TCS
532540,TCS,Tata Consultancy Services Ltd,17 Jan 2019,Interim Dividend - Rs. - 4.0000,18 Jan 2019,-,-,11 Jan 2019,17 Jan 2019,-,TCS
532540,TCS,Tata Consultancy Services Ltd,04 Jun 2019,Final Dividend - Rs. - 18.0000,06 Jun 2019,-,-,29 May 2019,04 Jun 2019,-,TCS
532540,TCS,Tata Consultancy Services Ltd,16 Jul 2019,Interim Dividend - Rs. - 5.0000,17 Jul 2019,-,-,10 Jul 2019,16 Jul 2019,-,TCS
532540,TCS,Tata Consultancy Services Ltd,17 Oct 2019,Special Dividend - Rs. - 40.0000,18 Oct 2019,-,-,11 Oct 2019,17 Oct 2019,-,TCS
532540,TCS,Tata Consultancy Services Ltd,17 Oct 2019,Interim Dividend - Rs. - 5.0000,18 Oct 2019,-,-,11 Oct 2019,17 Oct 2019,-,TCS
532540,TCS,Tata Consultancy Services Ltd,23 Jan 2020,Interim Dividend - Rs. - 5.0000,25 Jan 2020,-,-,20 Jan 2020,23 Jan 2020,-,TCS
532540,TCS,Tata Consultancy Services Ltd,19 Mar 2020,Interim Dividend - Rs. - 12.0000,20 Mar 2020,-,-,13 Mar 2020,19 Mar 2020,-,TCS
532540,TCS,Tata Consultancy Services Ltd,03 Jun 2020,Final Dividend - Rs. - 6.0000,04 Jun 2020,-,-,28 May 2020,03 Jun 2020,-,TCS
532540,TCS,Tata Consultancy Services Ltd,16 Jul 2020,Interim Dividend - Rs. - 5.0000,17 Jul 2020,-,-,10 Jul 2020,16 Jul 2020,-,TCS
532540,TCS,Tata Consultancy Services Ltd,14 Oct 2020,Interim Dividend - Rs. - 12.0000,15 Oct 2020,-,-,08 Oct 2020,14 Oct 2020,-,TCS
532540,TCS,Tata Consultancy Services Ltd,14 Jan 2021,Interim Dividend - Rs. - 6.0000,16 Jan 2021,-,-,11 Jan 2021,14 Jan 2021,-,TCS
532540,TCS,Tata Consultancy Services Ltd,25 May 2021,Final Dividend - Rs. - 15.0000,27 May 2021,-,-,20 May 2021,26 May 2021,-,TCS
532540,TCS,Tata Consultancy Services Ltd,15 Jul 2021,Interim Dividend - Rs. - 7.0000,16 Jul 2021,-,-,09 Jul 2021,15 Jul 2021,-,TCS
532540,TCS,Tata Consultancy Services Ltd,14 Oct 2021,Interim Dividend - Rs. - 7.0000,19 Oct 2021,-,-,11 Oct 2021,14 Oct 2021,-,TCS
532540,TCS,Tata Consultancy Services Ltd,19 Jan 2022,Interim Dividend - Rs. - 7.0000,20 Jan 2022,-,-,13 Jan 2022,19 Jan 2022,-,TCS
532540,TCS,Tata Consultancy Services Ltd,25 May 2022,Final Dividend - Rs. - 22.0000,26 May 2022,-,-,19 May 2022,25 May 2022,-,TCS
532540,TCS,Tata Consultancy Services Ltd,14 Jul 2022,Interim Dividend - Rs. - 8.0000,16 Jul 2022,-,-,11 Jul 2022,14 Jul 2022,-,TCS
532540,TCS,Tata Consultancy Services Ltd,17 Oct 2022,Interim Dividend - Rs. - 8.0000,18 Oct 2022,-,-,11 Oct 2022,17 Oct 2022,-,TCS
532540,TCS,Tata Consultancy Services Ltd,16 Jan 2023,Interim Dividend - Rs. - 8.0000,17 Jan 2023,-,-,10 Jan 2023,16 Jan 2023,-,TCS
532540,TCS,Tata Consultancy Services Ltd,16 Jan 2023,Special Dividend - Rs. - 67.0000,17 Jan 2023,-,-,10 Jan 2023,16 Jan 2023,-,TCS
532540,TCS,Tata Consultancy Services Ltd,15 Jun 2023,Final Dividend - Rs. - 24.0000,15 Jun 2023,-,-,09 Jun 2023,15 Jun 2023,-,TCS
532540,TCS,Tata Consultancy Services Ltd,20 Jul 2023,Interim Dividend - Rs. - 9.0000,20 Jul 2023,-,-,14 Jul 2023,20 Jul 2023,-,TCS
532540,TCS,Tata Consultancy Services Ltd,19 Oct 2023,Interim Dividend - Rs. - 9.0000,19 Oct 2023,-,-,13 Oct 2023,19 Oct 2023,-,TCS
532540,TCS,Tata Consultancy Services Ltd,19 Jan 2024,Interim Dividend - Rs. - 9.0000,19 Jan 2024,-,-,15 Jan 2024,18 Jan 2024,-,TCS
532540,TCS,Tata Consultancy Services Ltd,19 Jan 2024,Special Dividend - Rs. - 18.0000,19 Jan 2024,-,-,15 Jan 2024,18 Jan 2024,-,TCS
532540,TCS,Tata Consultancy Services Ltd,16 May 2024,Final Dividend - Rs. - 28.0000,16 May 2024,-,-,16 May 2024,16 May 2024,-,TCS
532540,TCS,Tata Consultancy Services Ltd,19 Jul 2024,Interim Dividend - Rs. - 10.0000,20 Jul 2024,-,-,19 Jul 2024,19 Jul 2024,-,TCS
532540,TCS,Tata Consultancy Services Ltd,18 Oct 2024,Interim Dividend - Rs. - 10.0000,18 Oct 2024,-,-,18 Oct 2024,18 Oct 2024,-,TCS
532540,TCS,Tata Consultancy Services Ltd,17 Jan 2025,Interim Dividend - Rs. - 10.0000,17 Jan 2025,-,-,17 Jan 2025,17 Jan 2025,-,TCS
532540,TCS,Tata Consultancy Services Ltd,17 Jan 2025,Special Dividend - Rs. - 66.0000,17 Jan 2025,-,-,17 Jan 2025,17 Jan 2025,-,TCS
532540,TCS,Tata Consultancy Services Ltd,04 Jun 2025,Final Dividend - Rs. - 30.0000,04 Jun 2025,-,-,04 Jun 2025,04 Jun 2025,-,TCS
532540,TCS,Tata Consultancy Services Ltd,16 Jul 2025,Interim Dividend - Rs. - 11.0000,16 Jul 2025,-,-,16 Jul 2025,16 Jul 2025,-,TCS
532540,TCS,Tata Consultancy Services Ltd,15 Oct 2025,Interim Dividend - Rs. - 11.0000,15 Oct 2025,-,-,15 Oct 2025,15 Oct 2025,-,TCS
532540,TCS,Tata Consultancy Services Ltd,16 Jan 2026,Special Dividend - Rs. - 46.0000,17 Jan 2026,-,-,16 Jan 2026,16 Jan 2026,-,TCS
532540,TCS,Tata Consultancy Services Ltd,16 Jan 2026,Interim Dividend - Rs. - 11.0000,17 Jan 2026,-,-,16 Jan 2026,16 Jan 2026,-,TCS
532540,TCS,Tata Consultancy Services Ltd,25 May 2026,Final Dividend - Rs. - 31.0000,25 May 2026,-,-,25 May 2026,25 May 2026,-,TCS
532540,TCS,Tata Consultancy Services Ltd,15 Jul 2026,Interim Dividend - Rs. - 12.0000,15 Jul 2026,-,-,15 Jul 2026,15 Jul 2026,-,TCS
500325,RELIANCE,Reliance Industries Ltd,17 Mar 2016,Interim Dividend - Rs. - 10.5000,18 Mar 2016,-,-,11 Mar 2016,17 Mar 2016,-,Reliance Industries
500325,RELIANCE,Reliance Industries Ltd,13 Jul 2017,Dividend - Rs. - 11.0000,14 Jul 2017,-,-,07 Jul 2017,13 Jul 2017,-,Reliance Industries
500325,RELIANCE,Reliance Industries Ltd,27 Jun 2018,Dividend - Rs. - 6.0000,28 Jun 2018,-,-,21 Jun 2018,27 Jun 2018,-,Reliance Industries
500325,RELIANCE,Reliance Industries Ltd,02 Aug 2019,Final Dividend - Rs. - 6.5000,05 Aug 2019,-,-,29 Jul 2019,02 Aug 2019,-,Reliance Industries
500325,RELIANCE,Reliance Industries Ltd,02 Jul 2020,Dividend - Rs. - 6.5000,03 Jul 2020,-,-,26 Jun 2020,02 Jul 2020,-,Reliance Industries
500325,RELIANCE,Reliance Industries Ltd,11 Jun 2021,Final Dividend - Rs. - 7.0000,14 Jun 2021,-,-,07 Jun 2021,11 Jun 2021,-,Reliance Industries
500325,RELIANCE,Reliance Industries Ltd,18 Aug 2022,Final Dividend - Rs. - 8.0000,19 Aug 2022,-,-,10 Aug 2022,18 Aug 2022,-,Reliance Industries
500325,RELIANCE,Reliance Industries Ltd,21 Aug 2023,Final Dividend - Rs. - 9.0000,21 Aug 2023,-,-,11 Aug 2023,21 Aug 2023,-,Reliance Industries
500325,RELIANCE,Reliance Industries Ltd,19 Aug 2024,Final Dividend - Rs. - 10.0000,19 Aug 2024,-,-,19 Aug 2024,19 Aug 2024,-,Reliance Industries
500325,RELIANCE,Reliance Industries Ltd,14 Aug 2025,Final Dividend - Rs. - 5.5000,14 Aug 2025,-,-,14 Aug 2025,14 Aug 2025,-,Reliance Industries
500325,RELIANCE,Reliance Industries Ltd,05 Jun 2026,Final Dividend - Rs. - 6.0000,05 Jun 2026,-,-,05 Jun 2026,05 Jun 2026,-,Reliance Industries
500180,HDFCBANK,HDFC Bank Ltd,29 Apr 2008,Dividend - Rs. - 8.5000,30 Apr 2008,-,-,23 Apr 2008,29 Apr 2008,-,HDFC Bank
500180,HDFCBANK,HDFC Bank Ltd,29 Jun 2016,Dividend - Rs. - 9.5000,30 Jun 2016,-,-,23 Jun 2016,29 Jun 2016,-,HDFC Bank
500180,HDFCBANK,HDFC Bank Ltd,29 Jun 2017,Dividend - Rs. - 11.0000,30 Jun 2017,-,-,22 Jun 2017,29 Jun 2017,-,HDFC Bank
500180,HDFCBANK,HDFC Bank Ltd,31 May 2018,Dividend - Rs. - 13.0000,01 Jun 2018,-,-,25 May 2018,31 May 2018,-,HDFC Bank
500180,HDFCBANK,HDFC Bank Ltd,20 Jun 2019,Dividend - Rs. - 15.0000,21 Jun 2019,-,-,14 Jun 2019,20 Jun 2019,-,HDFC Bank
500180,HDFCBANK,HDFC Bank Ltd,01 Aug 2019,Special Dividend - Rs. - 5.0000,02 Aug 2019,-,-,26 Jul 2019,01 Aug 2019,-,HDFC Bank
500180,HDFCBANK,HDFC Bank Ltd,29 Jun 2021,Dividend - Rs. - 6.5000,30 Jun 2021,-,-,23 Jun 2021,29 Jun 2021,-,HDFC Bank
500180,HDFCBANK,HDFC Bank Ltd,12 May 2022,Final Dividend - Rs. - 15.5000,13 May 2022,-,-,06 May 2022,11 May 2022,-,HDFC Bank
500180,HDFCBANK,HDFC Bank Ltd,16 May 2023,Final Dividend - Rs. - 19.0000,16 May 2023,-,-,10 May 2023,16 May 2023,-,HDFC Bank
500180,HDFCBANK,HDFC Bank Ltd,10 May 2024,Final Dividend - Rs. - 19.5000,10 May 2024,-,-,10 May 2024,10 May 2024,-,HDFC Bank
500180,HDFCBANK,HDFC Bank Ltd,27 Jun 2025,Dividend - Rs. - 22.0000,27 Jun 2025,-,-,27 Jun 2025,27 Jun 2025,-,HDFC Bank
500180,HDFCBANK,HDFC Bank Ltd,25 Jul 2025,Special Dividend - Rs. - 5.0000,25 Jul 2025,-,-,25 Jul 2025,25 Jul 2025,-,HDFC Bank
500180,HDFCBANK,HDFC Bank Ltd,19 Jun 2026,Final Dividend - Rs. - 13.0000,19 Jun 2026,-,-,19 Jun 2026,19 Jun 2026,-,HDFC Bank
500112,SBIN,State Bank of India,22 May 2024,Final Dividend - Rs. - 13.7000,22 May 2024,-,-,21 May 2024,21 May 2024,-,State Bank of India
500112,SBIN,State Bank of India,16 May 2025,Final Dividend - Rs. - 15.9000,16 May 2025,-,-,16 May 2025,16 May 2025,-,State Bank of India
500112,SBIN,State Bank of India,15 May 2026,Final Dividend - Rs. - 17.3500,16 May 2026,-,-,15 May 2026,15 May 2026,-,State Bank of India
500209,INFY,Infosys Ltd,25 Oct 2000,Interim Dividend - Rs. - 2.5000,10 Nov 2000,-,-,25 Oct 2000,08 Nov 2000,-,Infosys
500209,INFY,Infosys Ltd,18 Oct 2001,Interim Dividend - Rs. - 7.5000,02 Nov 2001,-,-,18 Oct 2001,31 Oct 2001,-,Infosys
500209,INFY,Infosys Ltd,18 Oct 2007,Interim Dividend - Rs. - 6.0000,19 Oct 2007,-,-,12 Oct 2007,18 Oct 2007,-,Infosys
500209,INFY,Infosys Ltd,16 Oct 2008,Interim Dividend - Rs. - 10.0000,17 Oct 2008,-,-,10 Oct 2008,16 Oct 2008,-,Infosys
500209,INFY,Infosys Ltd,15 Oct 2009,Interim Dividend - Rs. - 10.0000,16 Oct 2009,-,-,08 Oct 2009,14 Oct 2009,-,Infosys
500209,INFY,Infosys Ltd,21 Oct 2010,Special Dividend - Rs. - 30.0000,22 Oct 2010,-,-,15 Oct 2010,21 Oct 2010,-,Infosys
500209,INFY,Infosys Ltd,21 Oct 2010,Interim Dividend - Rs. - 10.0000,22 Oct 2010,-,-,15 Oct 2010,21 Oct 2010,-,Infosys
500209,INFY,Infosys Ltd,20 Oct 2011,Interim Dividend - Rs. - 15.0000,21 Oct 2011,-,-,14 Oct 2011,20 Oct 2011,-,Infosys
500209,INFY,Infosys Ltd,18 Oct 2012,Interim Dividend - Rs. - 15.0000,19 Oct 2012,-,-,12 Oct 2012,18 Oct 2012,-,Infosys
500209,INFY,Infosys Ltd,17 Oct 2013,Interim Dividend - Rs. - 20.0000,18 Oct 2013,-,-,10 Oct 2013,17 Oct 2013,21 Oct 2013,Infosys
500209,INFY,Infosys Ltd,16 Oct 2014,Interim Dividend - Rs. - 30.0000,17 Oct 2014,-,-,10 Oct 2014,16 Oct 2014,20 Oct 2014,Infosys
500209,INFY,Infosys Ltd,16 Oct 2015,Interim Dividend - Rs. - 10.0000,19 Oct 2015,-,-,12 Oct 2015,16 Oct 2015,-,Infosys
500209,INFY,Infosys Ltd,21 Oct 2016,Interim Dividend - Rs. - 11.0000,24 Oct 2016,-,-,17 Oct 2016,21 Oct 2016,-,Infosys
500209,INFY,Infosys Ltd,31 Oct 2017,Interim Dividend - Rs. - 13.0000,01 Nov 2017,-,-,25 Oct 2017,31 Oct 2017,-,Infosys
500209,INFY,Infosys Ltd,25 Oct 2018,Interim Dividend - Rs. - 7.0000,27 Oct 2018,-,-,22 Oct 2018,25 Oct 2018,-,Infosys
500209,INFY,Infosys Ltd,24 Jan 2019,Special Dividend - Rs. - 4.0000,25 Jan 2019,-,-,18 Jan 2019,24 Jan 2019,-,Infosys
500209,INFY,Infosys Ltd,23 Oct 2019,Interim Dividend - Rs. - 8.0000,24 Oct 2019,-,-,16 Oct 2019,23 Oct 2019,-,Infosys
500209,INFY,Infosys Ltd,29 May 2020,Final Dividend - Rs. - 9.5000,01 Jun 2020,-,-,22 May 2020,29 May 2020,-,Infosys
500209,INFY,Infosys Ltd,23 Oct 2020,Interim Dividend - Rs. - 12.0000,26 Oct 2020,-,-,19 Oct 2020,23 Oct 2020,-,Infosys
500209,INFY,Infosys Ltd,31 May 2021,Final Dividend - Rs. - 15.0000,01 Jun 2021,-,-,24 May 2021,31 May 2021,-,Infosys
500209,INFY,Infosys Ltd,26 Oct 2021,Interim Dividend - Rs. - 15.0000,27 Oct 2021,-,-,20 Oct 2021,26 Oct 2021,-,Infosys
500209,INFY,Infosys Ltd,31 May 2022,Final Dividend - Rs. - 16.0000,01 Jun 2022,-,-,25 May 2022,31 May 2022,-,Infosys
500209,INFY,Infosys Ltd,27 Oct 2022,Interim Dividend - Rs. - 16.5000,28 Oct 2022,-,-,20 Oct 2022,27 Oct 2022,-,Infosys
500209,INFY,Infosys Ltd,02 Jun 2023,Final Dividend - Rs. - 17.5000,02 Jun 2023,-,-,29 May 2023,02 Jun 2023,-,Infosys
500209,INFY,Infosys Ltd,25 Oct 2023,Interim Dividend - Rs. - 18.0000,25 Oct 2023,-,-,18 Oct 2023,25 Oct 2023,-,Infosys
500209,INFY,Infosys Ltd,31 May 2024,Final Dividend - Rs. - 20.0000,31 May 2024,-,-,31 May 2024,31 May 2024,-,Infosys
500209,INFY,Infosys Ltd,31 May 2024,Special Dividend - Rs. - 8.0000,31 May 2024,-,-,31 May 2024,31 May 2024,-,Infosys
500209,INFY,Infosys Ltd,29 Oct 2024,Interim Dividend - Rs. - 21.0000,29 Oct 2024,-,-,29 Oct 2024,29 Oct 2024,-,Infosys
500209,INFY,Infosys Ltd,30 May 2025,Final Dividend - Rs. - 22.0000,30 May 2025,-,-,30 May 2025,30 May 2025,-,Infosys
500209,INFY,Infosys Ltd,27 Oct 2025,Interim Dividend - Rs. - 23.0000,27 Oct 2025,-,-,27 Oct 2025,27 Oct 2025,-,Infosys
500209,INFY,Infosys Ltd,10 Jun 2026,Final Dividend - Rs. - 25.0000,10 Jun 2026,-,-,10 Jun 2026,10 Jun 2026,-,Infosys
